county,office,district,party,candidate,votes
Adair,U.S. Senate,,REP,Eric Schmitt,4423
Adair,U.S. Senate,,DEM,Trudy Busch Valentine,2460
Adair,U.S. Senate,,LIB,Jonathan Dine,149
Adair,U.S. Senate,,CON,Paul Venable,39
Andrew,U.S. Senate,,REP,Eric Schmitt,4885
Andrew,U.S. Senate,,DEM,Trudy Busch Valentine,1657
Andrew,U.S. Senate,,LIB,Jonathan Dine,135
Andrew,U.S. Senate,,CON,Paul Venable,50
Atchison,U.S. Senate,,REP,Eric Schmitt,1468
Atchison,U.S. Senate,,DEM,Trudy Busch Valentine,392
Atchison,U.S. Senate,,LIB,Jonathan Dine,32
Atchison,U.S. Senate,,CON,Paul Venable,18
Audrain,U.S. Senate,,REP,Eric Schmitt,5209
Audrain,U.S. Senate,,DEM,Trudy Busch Valentine,2069
Audrain,U.S. Senate,,LIB,Jonathan Dine,145
Audrain,U.S. Senate,,CON,Paul Venable,44
Audrain,U.S. Senate,,,Nathan V. Mooney,2
Barry,U.S. Senate,,REP,Eric Schmitt,8537
Barry,U.S. Senate,,DEM,Trudy Busch Valentine,2046
Barry,U.S. Senate,,LIB,Jonathan Dine,247
Barry,U.S. Senate,,CON,Paul Venable,143
Barton,U.S. Senate,,REP,Eric Schmitt,3654
Barton,U.S. Senate,,DEM,Trudy Busch Valentine,586
Barton,U.S. Senate,,LIB,Jonathan Dine,57
Barton,U.S. Senate,,CON,Paul Venable,29
Bates,U.S. Senate,,REP,Eric Schmitt,4227
Bates,U.S. Senate,,DEM,Trudy Busch Valentine,1362
Bates,U.S. Senate,,LIB,Jonathan Dine,125
Bates,U.S. Senate,,CON,Paul Venable,52
Benton,U.S. Senate,,REP,Eric Schmitt,5717
Benton,U.S. Senate,,DEM,Trudy Busch Valentine,1773
Benton,U.S. Senate,,LIB,Jonathan Dine,143
Benton,U.S. Senate,,CON,Paul Venable,95
Bollinger,U.S. Senate,,REP,Eric Schmitt,3589
Bollinger,U.S. Senate,,DEM,Trudy Busch Valentine,507
Bollinger,U.S. Senate,,LIB,Jonathan Dine,47
Bollinger,U.S. Senate,,CON,Paul Venable,25
Boone,U.S. Senate,,REP,Eric Schmitt,25940
Boone,U.S. Senate,,DEM,Trudy Busch Valentine,35608
Boone,U.S. Senate,,LIB,Jonathan Dine,1243
Boone,U.S. Senate,,CON,Paul Venable,318
Boone,U.S. Senate,,,Theo Brown Sr,1
Buchanan,U.S. Senate,,REP,Eric Schmitt,14828
Buchanan,U.S. Senate,,DEM,Trudy Busch Valentine,8884
Buchanan,U.S. Senate,,LIB,Jonathan Dine,574
Buchanan,U.S. Senate,,CON,Paul Venable,283
Butler,U.S. Senate,,REP,Eric Schmitt,9345
Butler,U.S. Senate,,DEM,Trudy Busch Valentine,1872
Butler,U.S. Senate,,LIB,Jonathan Dine,226
Butler,U.S. Senate,,CON,Paul Venable,76
Caldwell,U.S. Senate,,REP,Eric Schmitt,2588
Caldwell,U.S. Senate,,DEM,Trudy Busch Valentine,745
Caldwell,U.S. Senate,,LIB,Jonathan Dine,68
Caldwell,U.S. Senate,,CON,Paul Venable,31
Callaway,U.S. Senate,,REP,Eric Schmitt,9917
Callaway,U.S. Senate,,DEM,Trudy Busch Valentine,4622
Callaway,U.S. Senate,,LIB,Jonathan Dine,332
Callaway,U.S. Senate,,CON,Paul Venable,132
Camden,U.S. Senate,,REP,Eric Schmitt,13380
Camden,U.S. Senate,,DEM,Trudy Busch Valentine,4384
Camden,U.S. Senate,,LIB,Jonathan Dine,331
Camden,U.S. Senate,,CON,Paul Venable,193
Cape Girardeau,U.S. Senate,,REP,Eric Schmitt,20511
Cape Girardeau,U.S. Senate,,DEM,Trudy Busch Valentine,6650
Cape Girardeau,U.S. Senate,,LIB,Jonathan Dine,473
Cape Girardeau,U.S. Senate,,CON,Paul Venable,254
Carroll,U.S. Senate,,REP,Eric Schmitt,2610
Carroll,U.S. Senate,,DEM,Trudy Busch Valentine,685
Carroll,U.S. Senate,,LIB,Jonathan Dine,49
Carroll,U.S. Senate,,CON,Paul Venable,15
Carter,U.S. Senate,,REP,Eric Schmitt,1578
Carter,U.S. Senate,,DEM,Trudy Busch Valentine,298
Carter,U.S. Senate,,LIB,Jonathan Dine,26
Carter,U.S. Senate,,CON,Paul Venable,9
Cass,U.S. Senate,,REP,Eric Schmitt,24848
Cass,U.S. Senate,,DEM,Trudy Busch Valentine,13927
Cass,U.S. Senate,,LIB,Jonathan Dine,744
Cass,U.S. Senate,,CON,Paul Venable,279
Cass,U.S. Senate,,,David Kirk,1
Cedar,U.S. Senate,,REP,Eric Schmitt,3962
Cedar,U.S. Senate,,DEM,Trudy Busch Valentine,929
Cedar,U.S. Senate,,LIB,Jonathan Dine,149
Cedar,U.S. Senate,,CON,Paul Venable,109
Chariton,U.S. Senate,,REP,Eric Schmitt,2083
Chariton,U.S. Senate,,DEM,Trudy Busch Valentine,667
Chariton,U.S. Senate,,LIB,Jonathan Dine,38
Chariton,U.S. Senate,,CON,Paul Venable,25
Christian,U.S. Senate,,REP,Eric Schmitt,24206
Christian,U.S. Senate,,DEM,Trudy Busch Valentine,8070
Christian,U.S. Senate,,LIB,Jonathan Dine,720
Christian,U.S. Senate,,CON,Paul Venable,304
Clark,U.S. Senate,,REP,Eric Schmitt,1738
Clark,U.S. Senate,,DEM,Trudy Busch Valentine,535
Clark,U.S. Senate,,LIB,Jonathan Dine,45
Clark,U.S. Senate,,CON,Paul Venable,31
Clay,U.S. Senate,,REP,Eric Schmitt,43210
Clay,U.S. Senate,,DEM,Trudy Busch Valentine,41987
Clay,U.S. Senate,,LIB,Jonathan Dine,1593
Clay,U.S. Senate,,CON,Paul Venable,615
Clinton,U.S. Senate,,REP,Eric Schmitt,5147
Clinton,U.S. Senate,,DEM,Trudy Busch Valentine,2219
Clinton,U.S. Senate,,LIB,Jonathan Dine,148
Clinton,U.S. Senate,,CON,Paul Venable,55
Cole,U.S. Senate,,REP,Eric Schmitt,18289
Cole,U.S. Senate,,DEM,Trudy Busch Valentine,9487
Cole,U.S. Senate,,LIB,Jonathan Dine,559
Cole,U.S. Senate,,CON,Paul Venable,197
Cooper,U.S. Senate,,REP,Eric Schmitt,4198
Cooper,U.S. Senate,,DEM,Trudy Busch Valentine,1737
Cooper,U.S. Senate,,LIB,Jonathan Dine,120
Cooper,U.S. Senate,,CON,Paul Venable,73
Crawford,U.S. Senate,,REP,Eric Schmitt,5822
Crawford,U.S. Senate,,DEM,Trudy Busch Valentine,1610
Crawford,U.S. Senate,,LIB,Jonathan Dine,114
Crawford,U.S. Senate,,CON,Paul Venable,57
Dade,U.S. Senate,,REP,Eric Schmitt,2395
Dade,U.S. Senate,,DEM,Trudy Busch Valentine,501
Dade,U.S. Senate,,LIB,Jonathan Dine,64
Dade,U.S. Senate,,CON,Paul Venable,37
Dallas,U.S. Senate,,REP,Eric Schmitt,4449
Dallas,U.S. Senate,,DEM,Trudy Busch Valentine,1097
Dallas,U.S. Senate,,LIB,Jonathan Dine,125
Dallas,U.S. Senate,,CON,Paul Venable,81
Daviess,U.S. Senate,,REP,Eric Schmitt,2029
Daviess,U.S. Senate,,DEM,Trudy Busch Valentine,608
Daviess,U.S. Senate,,LIB,Jonathan Dine,39
Daviess,U.S. Senate,,CON,Paul Venable,33
De Kalb,U.S. Senate,,REP,Eric Schmitt,2575
De Kalb,U.S. Senate,,DEM,Trudy Busch Valentine,700
De Kalb,U.S. Senate,,LIB,Jonathan Dine,88
De Kalb,U.S. Senate,,CON,Paul Venable,31
Dent,U.S. Senate,,REP,Eric Schmitt,4030
Dent,U.S. Senate,,DEM,Trudy Busch Valentine,822
Dent,U.S. Senate,,LIB,Jonathan Dine,102
Dent,U.S. Senate,,CON,Paul Venable,60
Douglas,U.S. Senate,,REP,Eric Schmitt,4101
Douglas,U.S. Senate,,DEM,Trudy Busch Valentine,780
Douglas,U.S. Senate,,LIB,Jonathan Dine,103
Douglas,U.S. Senate,,CON,Paul Venable,48
Dunklin,U.S. Senate,,REP,Eric Schmitt,4906
Dunklin,U.S. Senate,,DEM,Trudy Busch Valentine,1167
Dunklin,U.S. Senate,,LIB,Jonathan Dine,92
Dunklin,U.S. Senate,,CON,Paul Venable,53
Dunklin,U.S. Senate,,,David Kirk,2
Franklin,U.S. Senate,,REP,Eric Schmitt,25089
Franklin,U.S. Senate,,DEM,Trudy Busch Valentine,11139
Franklin,U.S. Senate,,LIB,Jonathan Dine,589
Franklin,U.S. Senate,,CON,Paul Venable,271
Gasconade,U.S. Senate,,REP,Eric Schmitt,4306
Gasconade,U.S. Senate,,DEM,Trudy Busch Valentine,1299
Gasconade,U.S. Senate,,LIB,Jonathan Dine,84
Gasconade,U.S. Senate,,CON,Paul Venable,23
Gentry,U.S. Senate,,REP,Eric Schmitt,1748
Gentry,U.S. Senate,,DEM,Trudy Busch Valentine,528
Gentry,U.S. Senate,,LIB,Jonathan Dine,37
Gentry,U.S. Senate,,CON,Paul Venable,12
Greene,U.S. Senate,,REP,Eric Schmitt,55499
Greene,U.S. Senate,,DEM,Trudy Busch Valentine,39211
Greene,U.S. Senate,,LIB,Jonathan Dine,2223
Greene,U.S. Senate,,CON,Paul Venable,1078
Grundy,U.S. Senate,,REP,Eric Schmitt,2514
Grundy,U.S. Senate,,DEM,Trudy Busch Valentine,641
Grundy,U.S. Senate,,LIB,Jonathan Dine,46
Grundy,U.S. Senate,,CON,Paul Venable,25
Harrison,U.S. Senate,,REP,Eric Schmitt,2237
Harrison,U.S. Senate,,DEM,Trudy Busch Valentine,445
Harrison,U.S. Senate,,LIB,Jonathan Dine,41
Harrison,U.S. Senate,,CON,Paul Venable,13
Henry,U.S. Senate,,REP,Eric Schmitt,5232
Henry,U.S. Senate,,DEM,Trudy Busch Valentine,2084
Henry,U.S. Senate,,LIB,Jonathan Dine,128
Henry,U.S. Senate,,CON,Paul Venable,84
Hickory,U.S. Senate,,REP,Eric Schmitt,2747
Hickory,U.S. Senate,,DEM,Trudy Busch Valentine,796
Hickory,U.S. Senate,,LIB,Jonathan Dine,87
Hickory,U.S. Senate,,CON,Paul Venable,38
Holt,U.S. Senate,,REP,Eric Schmitt,1383
Holt,U.S. Senate,,DEM,Trudy Busch Valentine,262
Holt,U.S. Senate,,LIB,Jonathan Dine,20
Holt,U.S. Senate,,CON,Paul Venable,6
Howard,U.S. Senate,,REP,Eric Schmitt,2529
Howard,U.S. Senate,,DEM,Trudy Busch Valentine,1212
Howard,U.S. Senate,,LIB,Jonathan Dine,99
Howard,U.S. Senate,,CON,Paul Venable,32
Howell,U.S. Senate,,REP,Eric Schmitt,10336
Howell,U.S. Senate,,DEM,Trudy Busch Valentine,2452
Howell,U.S. Senate,,LIB,Jonathan Dine,342
Howell,U.S. Senate,,CON,Paul Venable,168
Iron,U.S. Senate,,REP,Eric Schmitt,2246
Iron,U.S. Senate,,DEM,Trudy Busch Valentine,747
Iron,U.S. Senate,,LIB,Jonathan Dine,49
Iron,U.S. Senate,,CON,Paul Venable,30
Jackson,U.S. Senate,,REP,Eric Schmitt,64471
Jackson,U.S. Senate,,DEM,Trudy Busch Valentine,62895
Jackson,U.S. Senate,,LIB,Jonathan Dine,2188
Jackson,U.S. Senate,,CON,Paul Venable,1041
Jackson,U.S. Senate,,,Nathan V. Mooney,1
Jasper,U.S. Senate,,REP,Eric Schmitt,25183
Jasper,U.S. Senate,,DEM,Trudy Busch Valentine,8500
Jasper,U.S. Senate,,LIB,Jonathan Dine,785
Jasper,U.S. Senate,,CON,Paul Venable,231
Jefferson,U.S. Senate,,REP,Eric Schmitt,48881
Jefferson,U.S. Senate,,DEM,Trudy Busch Valentine,28670
Jefferson,U.S. Senate,,LIB,Jonathan Dine,1226
Jefferson,U.S. Senate,,CON,Paul Venable,660
Johnson,U.S. Senate,,REP,Eric Schmitt,10019
Johnson,U.S. Senate,,DEM,Trudy Busch Valentine,5134
Johnson,U.S. Senate,,LIB,Jonathan Dine,376
Johnson,U.S. Senate,,CON,Paul Venable,143
Kansas City,U.S. Senate,,REP,Eric Schmitt,16353
Kansas City,U.S. Senate,,DEM,Trudy Busch Valentine,68143
Kansas City,U.S. Senate,,LIB,Jonathan Dine,1134
Kansas City,U.S. Senate,,CON,Paul Venable,373
Kansas City,U.S. Senate,,,Nathan V. Mooney,1
Knox,U.S. Senate,,REP,Eric Schmitt,996
Knox,U.S. Senate,,DEM,Trudy Busch Valentine,317
Knox,U.S. Senate,,LIB,Jonathan Dine,32
Knox,U.S. Senate,,CON,Paul Venable,21
Laclede,U.S. Senate,,REP,Eric Schmitt,9018
Laclede,U.S. Senate,,DEM,Trudy Busch Valentine,1948
Laclede,U.S. Senate,,LIB,Jonathan Dine,260
Laclede,U.S. Senate,,CON,Paul Venable,125
Lafayette,U.S. Senate,,REP,Eric Schmitt,8233
Lafayette,U.S. Senate,,DEM,Trudy Busch Valentine,3525
Lafayette,U.S. Senate,,LIB,Jonathan Dine,213
Lafayette,U.S. Senate,,CON,Paul Venable,59
Lawrence,U.S. Senate,,REP,Eric Schmitt,9834
Lawrence,U.S. Senate,,DEM,Trudy Busch Valentine,2316
Lawrence,U.S. Senate,,LIB,Jonathan Dine,251
Lawrence,U.S. Senate,,CON,Paul Venable,160
Lewis,U.S. Senate,,REP,Eric Schmitt,2339
Lewis,U.S. Senate,,DEM,Trudy Busch Valentine,716
Lewis,U.S. Senate,,LIB,Jonathan Dine,72
Lewis,U.S. Senate,,CON,Paul Venable,25
Lincoln,U.S. Senate,,REP,Eric Schmitt,14099
Lincoln,U.S. Senate,,DEM,Trudy Busch Valentine,5202
Lincoln,U.S. Senate,,LIB,Jonathan Dine,413
Lincoln,U.S. Senate,,CON,Paul Venable,159
Linn,U.S. Senate,,REP,Eric Schmitt,2915
Linn,U.S. Senate,,DEM,Trudy Busch Valentine,1129
Linn,U.S. Senate,,LIB,Jonathan Dine,68
Linn,U.S. Senate,,CON,Paul Venable,19
Livingston,U.S. Senate,,REP,Eric Schmitt,3523
Livingston,U.S. Senate,,DEM,Trudy Busch Valentine,1131
Livingston,U.S. Senate,,LIB,Jonathan Dine,52
Livingston,U.S. Senate,,CON,Paul Venable,37
Macon,U.S. Senate,,REP,Eric Schmitt,4264
Macon,U.S. Senate,,DEM,Trudy Busch Valentine,1174
Macon,U.S. Senate,,LIB,Jonathan Dine,103
Macon,U.S. Senate,,CON,Paul Venable,47
Madison,U.S. Senate,,REP,Eric Schmitt,2907
Madison,U.S. Senate,,DEM,Trudy Busch Valentine,721
Madison,U.S. Senate,,LIB,Jonathan Dine,63
Madison,U.S. Senate,,CON,Paul Venable,29
Maries,U.S. Senate,,REP,Eric Schmitt,2737
Maries,U.S. Senate,,DEM,Trudy Busch Valentine,652
Maries,U.S. Senate,,LIB,Jonathan Dine,45
Maries,U.S. Senate,,CON,Paul Venable,20
Marion,U.S. Senate,,REP,Eric Schmitt,6254
Marion,U.S. Senate,,DEM,Trudy Busch Valentine,2197
Marion,U.S. Senate,,LIB,Jonathan Dine,187
Marion,U.S. Senate,,CON,Paul Venable,55
McDonald,U.S. Senate,,REP,Eric Schmitt,5001
McDonald,U.S. Senate,,DEM,Trudy Busch Valentine,887
McDonald,U.S. Senate,,LIB,Jonathan Dine,151
McDonald,U.S. Senate,,CON,Paul Venable,52
Mercer,U.S. Senate,,REP,Eric Schmitt,1028
Mercer,U.S. Senate,,DEM,Trudy Busch Valentine,213
Mercer,U.S. Senate,,LIB,Jonathan Dine,20
Mercer,U.S. Senate,,CON,Paul Venable,3
Miller,U.S. Senate,,REP,Eric Schmitt,6889
Miller,U.S. Senate,,DEM,Trudy Busch Valentine,1574
Miller,U.S. Senate,,LIB,Jonathan Dine,184
Miller,U.S. Senate,,CON,Paul Venable,92
Mississippi,U.S. Senate,,REP,Eric Schmitt,2237
Mississippi,U.S. Senate,,DEM,Trudy Busch Valentine,592
Mississippi,U.S. Senate,,LIB,Jonathan Dine,42
Mississippi,U.S. Senate,,CON,Paul Venable,25
Moniteau,U.S. Senate,,REP,Eric Schmitt,3903
Moniteau,U.S. Senate,,DEM,Trudy Busch Valentine,1088
Moniteau,U.S. Senate,,LIB,Jonathan Dine,95
Moniteau,U.S. Senate,,CON,Paul Venable,42
Monroe,U.S. Senate,,REP,Eric Schmitt,2344
Monroe,U.S. Senate,,DEM,Trudy Busch Valentine,739
Monroe,U.S. Senate,,LIB,Jonathan Dine,56
Monroe,U.S. Senate,,CON,Paul Venable,19
Montgomery,U.S. Senate,,REP,Eric Schmitt,2990
Montgomery,U.S. Senate,,DEM,Trudy Busch Valentine,1015
Montgomery,U.S. Senate,,LIB,Jonathan Dine,51
Montgomery,U.S. Senate,,CON,Paul Venable,29
Morgan,U.S. Senate,,REP,Eric Schmitt,5150
Morgan,U.S. Senate,,DEM,Trudy Busch Valentine,1584
Morgan,U.S. Senate,,LIB,Jonathan Dine,137
Morgan,U.S. Senate,,CON,Paul Venable,80
New Madrid,U.S. Senate,,REP,Eric Schmitt,3347
New Madrid,U.S. Senate,,DEM,Trudy Busch Valentine,964
New Madrid,U.S. Senate,,LIB,Jonathan Dine,76
New Madrid,U.S. Senate,,CON,Paul Venable,25
Newton,U.S. Senate,,REP,Eric Schmitt,15565
Newton,U.S. Senate,,DEM,Trudy Busch Valentine,3878
Newton,U.S. Senate,,LIB,Jonathan Dine,388
Newton,U.S. Senate,,CON,Paul Venable,106
Nodaway,U.S. Senate,,REP,Eric Schmitt,4757
Nodaway,U.S. Senate,,DEM,Trudy Busch Valentine,2156
Nodaway,U.S. Senate,,LIB,Jonathan Dine,116
Nodaway,U.S. Senate,,CON,Paul Venable,32
Oregon,U.S. Senate,,REP,Eric Schmitt,2391
Oregon,U.S. Senate,,DEM,Trudy Busch Valentine,571
Oregon,U.S. Senate,,LIB,Jonathan Dine,61
Oregon,U.S. Senate,,CON,Paul Venable,48
Osage,U.S. Senate,,REP,Eric Schmitt,4587
Osage,U.S. Senate,,DEM,Trudy Busch Valentine,856
Osage,U.S. Senate,,LIB,Jonathan Dine,76
Osage,U.S. Senate,,CON,Paul Venable,14
Ozark,U.S. Senate,,REP,Eric Schmitt,2960
Ozark,U.S. Senate,,DEM,Trudy Busch Valentine,610
Ozark,U.S. Senate,,LIB,Jonathan Dine,73
Ozark,U.S. Senate,,CON,Paul Venable,56
Pemiscot,U.S. Senate,,REP,Eric Schmitt,2457
Pemiscot,U.S. Senate,,DEM,Trudy Busch Valentine,707
Pemiscot,U.S. Senate,,LIB,Jonathan Dine,40
Pemiscot,U.S. Senate,,CON,Paul Venable,13
Perry,U.S. Senate,,REP,Eric Schmitt,5113
Perry,U.S. Senate,,DEM,Trudy Busch Valentine,1101
Perry,U.S. Senate,,LIB,Jonathan Dine,85
Perry,U.S. Senate,,CON,Paul Venable,41
Pettis,U.S. Senate,,REP,Eric Schmitt,9032
Pettis,U.S. Senate,,DEM,Trudy Busch Valentine,3677
Pettis,U.S. Senate,,LIB,Jonathan Dine,283
Pettis,U.S. Senate,,CON,Paul Venable,160
Phelps,U.S. Senate,,REP,Eric Schmitt,9268
Phelps,U.S. Senate,,DEM,Trudy Busch Valentine,4001
Phelps,U.S. Senate,,LIB,Jonathan Dine,259
Phelps,U.S. Senate,,CON,Paul Venable,90
Pike,U.S. Senate,,REP,Eric Schmitt,3738
Pike,U.S. Senate,,DEM,Trudy Busch Valentine,1299
Pike,U.S. Senate,,LIB,Jonathan Dine,82
Pike,U.S. Senate,,CON,Paul Venable,48
Platte,U.S. Senate,,REP,Eric Schmitt,20304
Platte,U.S. Senate,,DEM,Trudy Busch Valentine,19918
Platte,U.S. Senate,,LIB,Jonathan Dine,683
Platte,U.S. Senate,,CON,Paul Venable,215
Polk,U.S. Senate,,REP,Eric Schmitt,7948
Polk,U.S. Senate,,DEM,Trudy Busch Valentine,2184
Polk,U.S. Senate,,LIB,Jonathan Dine,303
Polk,U.S. Senate,,CON,Paul Venable,128
Pulaski,U.S. Senate,,REP,Eric Schmitt,6703
Pulaski,U.S. Senate,,DEM,Trudy Busch Valentine,2224
Pulaski,U.S. Senate,,LIB,Jonathan Dine,270
Pulaski,U.S. Senate,,CON,Paul Venable,116
Putnam,U.S. Senate,,REP,Eric Schmitt,1379
Putnam,U.S. Senate,,DEM,Trudy Busch Valentine,287
Putnam,U.S. Senate,,LIB,Jonathan Dine,29
Putnam,U.S. Senate,,CON,Paul Venable,19
Ralls,U.S. Senate,,REP,Eric Schmitt,2917
Ralls,U.S. Senate,,DEM,Trudy Busch Valentine,935
Ralls,U.S. Senate,,LIB,Jonathan Dine,95
Ralls,U.S. Senate,,CON,Paul Venable,35
Randolph,U.S. Senate,,REP,Eric Schmitt,5242
Randolph,U.S. Senate,,DEM,Trudy Busch Valentine,1954
Randolph,U.S. Senate,,LIB,Jonathan Dine,163
Randolph,U.S. Senate,,CON,Paul Venable,65
Ray,U.S. Senate,,REP,Eric Schmitt,5286
Ray,U.S. Senate,,DEM,Trudy Busch Valentine,2403
Ray,U.S. Senate,,LIB,Jonathan Dine,158
Ray,U.S. Senate,,CON,Paul Venable,92
Reynolds,U.S. Senate,,REP,Eric Schmitt,1817
Reynolds,U.S. Senate,,DEM,Trudy Busch Valentine,512
Reynolds,U.S. Senate,,LIB,Jonathan Dine,43
Reynolds,U.S. Senate,,CON,Paul Venable,24
Ripley,U.S. Senate,,REP,Eric Schmitt,3005
Ripley,U.S. Senate,,DEM,Trudy Busch Valentine,609
Ripley,U.S. Senate,,LIB,Jonathan Dine,82
Ripley,U.S. Senate,,CON,Paul Venable,39
Saline,U.S. Senate,,REP,Eric Schmitt,4030
Saline,U.S. Senate,,DEM,Trudy Busch Valentine,2079
Saline,U.S. Senate,,LIB,Jonathan Dine,119
Saline,U.S. Senate,,CON,Paul Venable,50
Schuyler,U.S. Senate,,REP,Eric Schmitt,1182
Schuyler,U.S. Senate,,DEM,Trudy Busch Valentine,304
Schuyler,U.S. Senate,,LIB,Jonathan Dine,37
Schuyler,U.S. Senate,,CON,Paul Venable,7
Scotland,U.S. Senate,,REP,Eric Schmitt,1010
Scotland,U.S. Senate,,DEM,Trudy Busch Valentine,305
Scotland,U.S. Senate,,LIB,Jonathan Dine,32
Scotland,U.S. Senate,,CON,Paul Venable,13
Scott,U.S. Senate,,REP,Eric Schmitt,9210
Scott,U.S. Senate,,DEM,Trudy Busch Valentine,2161
Scott,U.S. Senate,,LIB,Jonathan Dine,156
Scott,U.S. Senate,,CON,Paul Venable,98
Shannon,U.S. Senate,,REP,Eric Schmitt,2243
Shannon,U.S. Senate,,DEM,Trudy Busch Valentine,586
Shannon,U.S. Senate,,LIB,Jonathan Dine,52
Shannon,U.S. Senate,,CON,Paul Venable,29
Shelby,U.S. Senate,,REP,Eric Schmitt,1753
Shelby,U.S. Senate,,DEM,Trudy Busch Valentine,479
Shelby,U.S. Senate,,LIB,Jonathan Dine,53
Shelby,U.S. Senate,,CON,Paul Venable,13
St. Charles,U.S. Senate,,REP,Eric Schmitt,83559
St. Charles,U.S. Senate,,DEM,Trudy Busch Valentine,64552
St. Charles,U.S. Senate,,LIB,Jonathan Dine,2158
St. Charles,U.S. Senate,,CON,Paul Venable,709
St. Charles,U.S. Senate,,,Nathan V. Mooney,1
St. Clair,U.S. Senate,,REP,Eric Schmitt,2711
St. Clair,U.S. Senate,,DEM,Trudy Busch Valentine,835
St. Clair,U.S. Senate,,LIB,Jonathan Dine,101
St. Clair,U.S. Senate,,CON,Paul Venable,44
St. Clair,U.S. Senate,,,Nathan V. Mooney,1
St. Francois,U.S. Senate,,REP,Eric Schmitt,12552
St. Francois,U.S. Senate,,DEM,Trudy Busch Valentine,5197
St. Francois,U.S. Senate,,LIB,Jonathan Dine,338
St. Francois,U.S. Senate,,CON,Paul Venable,151
St. Louis,U.S. Senate,,REP,Eric Schmitt,137197
St. Louis,U.S. Senate,,DEM,Trudy Busch Valentine,226772
St. Louis,U.S. Senate,,LIB,Jonathan Dine,4098
St. Louis,U.S. Senate,,CON,Paul Venable,1548
St. Louis,U.S. Senate,,,Nathan V. Mooney,7
St. Louis,U.S. Senate,,,Theo Brown Sr,3
St. Louis City,U.S. Senate,,REP,Eric Schmitt,12835
St. Louis City,U.S. Senate,,DEM,Trudy Busch Valentine,69839
St. Louis City,U.S. Senate,,LIB,Jonathan Dine,1098
St. Louis City,U.S. Senate,,CON,Paul Venable,324
Ste. Genevieve,U.S. Senate,,REP,Eric Schmitt,4329
Ste. Genevieve,U.S. Senate,,DEM,Trudy Busch Valentine,2181
Ste. Genevieve,U.S. Senate,,LIB,Jonathan Dine,86
Ste. Genevieve,U.S. Senate,,CON,Paul Venable,44
Stoddard,U.S. Senate,,REP,Eric Schmitt,7320
Stoddard,U.S. Senate,,DEM,Trudy Busch Valentine,1145
Stoddard,U.S. Senate,,LIB,Jonathan Dine,113
Stoddard,U.S. Senate,,CON,Paul Venable,54
Stone,U.S. Senate,,REP,Eric Schmitt,10784
Stone,U.S. Senate,,DEM,Trudy Busch Valentine,2662
Stone,U.S. Senate,,LIB,Jonathan Dine,234
Stone,U.S. Senate,,CON,Paul Venable,129
Sullivan,U.S. Senate,,REP,Eric Schmitt,1360
Sullivan,U.S. Senate,,DEM,Trudy Busch Valentine,344
Sullivan,U.S. Senate,,LIB,Jonathan Dine,30
Sullivan,U.S. Senate,,CON,Paul Venable,10
Taney,U.S. Senate,,REP,Eric Schmitt,13734
Taney,U.S. Senate,,DEM,Trudy Busch Valentine,3542
Taney,U.S. Senate,,LIB,Jonathan Dine,335
Taney,U.S. Senate,,CON,Paul Venable,184
Texas,U.S. Senate,,REP,Eric Schmitt,6621
Texas,U.S. Senate,,DEM,Trudy Busch Valentine,1337
Texas,U.S. Senate,,LIB,Jonathan Dine,184
Texas,U.S. Senate,,CON,Paul Venable,115
Vernon,U.S. Senate,,REP,Eric Schmitt,4620
Vernon,U.S. Senate,,DEM,Trudy Busch Valentine,1325
Vernon,U.S. Senate,,LIB,Jonathan Dine,136
Vernon,U.S. Senate,,CON,Paul Venable,75
Warren,U.S. Senate,,REP,Eric Schmitt,9103
Warren,U.S. Senate,,DEM,Trudy Busch Valentine,3768
Warren,U.S. Senate,,LIB,Jonathan Dine,233
Warren,U.S. Senate,,CON,Paul Venable,68
Washington,U.S. Senate,,REP,Eric Schmitt,5267
Washington,U.S. Senate,,DEM,Trudy Busch Valentine,1498
Washington,U.S. Senate,,LIB,Jonathan Dine,109
Washington,U.S. Senate,,CON,Paul Venable,60
Wayne,U.S. Senate,,REP,Eric Schmitt,3374
Wayne,U.S. Senate,,DEM,Trudy Busch Valentine,605
Wayne,U.S. Senate,,LIB,Jonathan Dine,54
Wayne,U.S. Senate,,CON,Paul Venable,30
Webster,U.S. Senate,,REP,Eric Schmitt,10667
Webster,U.S. Senate,,DEM,Trudy Busch Valentine,3008
Webster,U.S. Senate,,LIB,Jonathan Dine,325
Webster,U.S. Senate,,CON,Paul Venable,206
Worth,U.S. Senate,,REP,Eric Schmitt,651
Worth,U.S. Senate,,DEM,Trudy Busch Valentine,184
Worth,U.S. Senate,,LIB,Jonathan Dine,22
Worth,U.S. Senate,,CON,Paul Venable,6
Wright,U.S. Senate,,REP,Eric Schmitt,5210
Wright,U.S. Senate,,DEM,Trudy Busch Valentine,819
Wright,U.S. Senate,,LIB,Jonathan Dine,159
Wright,U.S. Senate,,CON,Paul Venable,55
Wright,U.S. Senate,,,Nathan V. Mooney,1
Total,U.S. Senate,,REP,Eric Schmitt,1146966
Total,U.S. Senate,,DEM,Trudy Busch Valentine,872694
Total,U.S. Senate,,LIB,Jonathan Dine,34821
Total,U.S. Senate,,CON,Paul Venable,14608
Total,U.S. Senate,,,Nathan V. Mooney,14
Total,U.S. Senate,,,Theo Brown Sr,4
Total,U.S. Senate,,,David Kirk,3
Buchanan,U.S. Senate,,,Steve Price,1
Camden,U.S. Senate,,,Gina Bufe,1
Clay,U.S. Senate,,,Steve Price,1
Cole,U.S. Senate,,,Rik Combs,6
Jackson,U.S. Senate,,,Gina Bufe,1
Jefferson,U.S. Senate,,,Steve Price,1
St. Louis,U.S. Senate,,,Gina Bufe,3
Stoddard,U.S. Senate,,,Steve Price,5
Wayne,U.S. Senate,,,Steve Price,1
Total,U.S. Senate,,,Gina Bufe,5
Total,U.S. Senate,,,Rik Combs,6
Total,U.S. Senate,,,Steve Price,9
Adair,State Auditor,,REP,Scott Fitzpatrick,4611
Adair,State Auditor,,DEM,Alan Green,2151
Adair,State Auditor,,LIB,John A. Hartwig Jr.,263
Andrew,State Auditor,,REP,Scott Fitzpatrick,5076
Andrew,State Auditor,,DEM,Alan Green,1405
Andrew,State Auditor,,LIB,John A. Hartwig Jr.,182
Atchison,State Auditor,,REP,Scott Fitzpatrick,1513
Atchison,State Auditor,,DEM,Alan Green,348
Atchison,State Auditor,,LIB,John A. Hartwig Jr.,38
Audrain,State Auditor,,REP,Scott Fitzpatrick,5566
Audrain,State Auditor,,DEM,Alan Green,1655
Audrain,State Auditor,,LIB,John A. Hartwig Jr.,207
Barry,State Auditor,,REP,Scott Fitzpatrick,9200
Barry,State Auditor,,DEM,Alan Green,1529
Barry,State Auditor,,LIB,John A. Hartwig Jr.,225
Barton,State Auditor,,REP,Scott Fitzpatrick,3739
Barton,State Auditor,,DEM,Alan Green,494
Barton,State Auditor,,LIB,John A. Hartwig Jr.,68
Bates,State Auditor,,REP,Scott Fitzpatrick,4453
Bates,State Auditor,,DEM,Alan Green,1076
Bates,State Auditor,,LIB,John A. Hartwig Jr.,171
Benton,State Auditor,,REP,Scott Fitzpatrick,6005
Benton,State Auditor,,DEM,Alan Green,1453
Benton,State Auditor,,LIB,John A. Hartwig Jr.,221
Bollinger,State Auditor,,REP,Scott Fitzpatrick,3617
Bollinger,State Auditor,,DEM,Alan Green,463
Bollinger,State Auditor,,LIB,John A. Hartwig Jr.,64
Boone,State Auditor,,REP,Scott Fitzpatrick,28351
Boone,State Auditor,,DEM,Alan Green,32189
Boone,State Auditor,,LIB,John A. Hartwig Jr.,2063
Buchanan,State Auditor,,REP,Scott Fitzpatrick,15765
Buchanan,State Auditor,,DEM,Alan Green,7777
Buchanan,State Auditor,,LIB,John A. Hartwig Jr.,770
Butler,State Auditor,,REP,Scott Fitzpatrick,9513
Butler,State Auditor,,DEM,Alan Green,1733
Butler,State Auditor,,LIB,John A. Hartwig Jr.,231
Caldwell,State Auditor,,REP,Scott Fitzpatrick,2701
Caldwell,State Auditor,,DEM,Alan Green,586
Caldwell,State Auditor,,LIB,John A. Hartwig Jr.,121
Callaway,State Auditor,,REP,Scott Fitzpatrick,10789
Callaway,State Auditor,,DEM,Alan Green,3660
Callaway,State Auditor,,LIB,John A. Hartwig Jr.,490
Camden,State Auditor,,REP,Scott Fitzpatrick,13971
Camden,State Auditor,,DEM,Alan Green,3725
Camden,State Auditor,,LIB,John A. Hartwig Jr.,485
Cape Girardeau,State Auditor,,REP,Scott Fitzpatrick,21018
Cape Girardeau,State Auditor,,DEM,Alan Green,6132
Cape Girardeau,State Auditor,,LIB,John A. Hartwig Jr.,625
Carroll,State Auditor,,REP,Scott Fitzpatrick,2753
Carroll,State Auditor,,DEM,Alan Green,513
Carroll,State Auditor,,LIB,John A. Hartwig Jr.,80
Carter,State Auditor,,REP,Scott Fitzpatrick,1592
Carter,State Auditor,,DEM,Alan Green,262
Carter,State Auditor,,LIB,John A. Hartwig Jr.,26
Cass,State Auditor,,REP,Scott Fitzpatrick,26291
Cass,State Auditor,,DEM,Alan Green,11787
Cass,State Auditor,,LIB,John A. Hartwig Jr.,1406
Cedar,State Auditor,,REP,Scott Fitzpatrick,4198
Cedar,State Auditor,,DEM,Alan Green,750
Cedar,State Auditor,,LIB,John A. Hartwig Jr.,145
Chariton,State Auditor,,REP,Scott Fitzpatrick,2142
Chariton,State Auditor,,DEM,Alan Green,567
Chariton,State Auditor,,LIB,John A. Hartwig Jr.,73
Christian,State Auditor,,REP,Scott Fitzpatrick,25265
Christian,State Auditor,,DEM,Alan Green,6911
Christian,State Auditor,,LIB,John A. Hartwig Jr.,953
Clark,State Auditor,,REP,Scott Fitzpatrick,1828
Clark,State Auditor,,DEM,Alan Green,428
Clark,State Auditor,,LIB,John A. Hartwig Jr.,79
Clay,State Auditor,,REP,Scott Fitzpatrick,45777
Clay,State Auditor,,DEM,Alan Green,37428
Clay,State Auditor,,LIB,John A. Hartwig Jr.,3397
Clinton,State Auditor,,REP,Scott Fitzpatrick,5408
Clinton,State Auditor,,DEM,Alan Green,1861
Clinton,State Auditor,,LIB,John A. Hartwig Jr.,234
Cole,State Auditor,,REP,Scott Fitzpatrick,19744
Cole,State Auditor,,DEM,Alan Green,7801
Cole,State Auditor,,LIB,John A. Hartwig Jr.,850
Cooper,State Auditor,,REP,Scott Fitzpatrick,4526
Cooper,State Auditor,,DEM,Alan Green,1398
Cooper,State Auditor,,LIB,John A. Hartwig Jr.,171
Cooper,State Auditor,,,Arnie C. Dienoff,1
Crawford,State Auditor,,REP,Scott Fitzpatrick,6066
Crawford,State Auditor,,DEM,Alan Green,1327
Crawford,State Auditor,,LIB,John A. Hartwig Jr.,183
Dade,State Auditor,,REP,Scott Fitzpatrick,2521
Dade,State Auditor,,DEM,Alan Green,418
Dade,State Auditor,,LIB,John A. Hartwig Jr.,57
Dallas,State Auditor,,REP,Scott Fitzpatrick,4642
Dallas,State Auditor,,DEM,Alan Green,894
Dallas,State Auditor,,LIB,John A. Hartwig Jr.,162
Daviess,State Auditor,,REP,Scott Fitzpatrick,2122
Daviess,State Auditor,,DEM,Alan Green,496
Daviess,State Auditor,,LIB,John A. Hartwig Jr.,67
De Kalb,State Auditor,,REP,Scott Fitzpatrick,2698
De Kalb,State Auditor,,DEM,Alan Green,556
De Kalb,State Auditor,,LIB,John A. Hartwig Jr.,103
Dent,State Auditor,,REP,Scott Fitzpatrick,4179
Dent,State Auditor,,DEM,Alan Green,653
Dent,State Auditor,,LIB,John A. Hartwig Jr.,142
Douglas,State Auditor,,REP,Scott Fitzpatrick,4226
Douglas,State Auditor,,DEM,Alan Green,639
Douglas,State Auditor,,LIB,John A. Hartwig Jr.,122
Dunklin,State Auditor,,REP,Scott Fitzpatrick,4986
Dunklin,State Auditor,,DEM,Alan Green,1086
Dunklin,State Auditor,,LIB,John A. Hartwig Jr.,100
Franklin,State Auditor,,REP,Scott Fitzpatrick,26429
Franklin,State Auditor,,DEM,Alan Green,9297
Franklin,State Auditor,,LIB,John A. Hartwig Jr.,1054
Gasconade,State Auditor,,REP,Scott Fitzpatrick,4547
Gasconade,State Auditor,,DEM,Alan Green,1007
Gasconade,State Auditor,,LIB,John A. Hartwig Jr.,124
Gentry,State Auditor,,REP,Scott Fitzpatrick,1821
Gentry,State Auditor,,DEM,Alan Green,425
Gentry,State Auditor,,LIB,John A. Hartwig Jr.,62
Greene,State Auditor,,REP,Scott Fitzpatrick,59696
Greene,State Auditor,,DEM,Alan Green,34975
Greene,State Auditor,,LIB,John A. Hartwig Jr.,2924
Grundy,State Auditor,,REP,Scott Fitzpatrick,2632
Grundy,State Auditor,,DEM,Alan Green,484
Grundy,State Auditor,,LIB,John A. Hartwig Jr.,88
Harrison,State Auditor,,REP,Scott Fitzpatrick,2342
Harrison,State Auditor,,DEM,Alan Green,335
Harrison,State Auditor,,LIB,John A. Hartwig Jr.,44
Henry,State Auditor,,REP,Scott Fitzpatrick,5603
Henry,State Auditor,,DEM,Alan Green,1621
Henry,State Auditor,,LIB,John A. Hartwig Jr.,216
Hickory,State Auditor,,REP,Scott Fitzpatrick,2882
Hickory,State Auditor,,DEM,Alan Green,669
Hickory,State Auditor,,LIB,John A. Hartwig Jr.,87
Holt,State Auditor,,REP,Scott Fitzpatrick,1419
Holt,State Auditor,,DEM,Alan Green,215
Holt,State Auditor,,LIB,John A. Hartwig Jr.,29
Howard,State Auditor,,REP,Scott Fitzpatrick,2741
Howard,State Auditor,,DEM,Alan Green,929
Howard,State Auditor,,LIB,John A. Hartwig Jr.,149
Howell,State Auditor,,REP,Scott Fitzpatrick,10766
Howell,State Auditor,,DEM,Alan Green,2044
Howell,State Auditor,,LIB,John A. Hartwig Jr.,370
Iron,State Auditor,,REP,Scott Fitzpatrick,2345
Iron,State Auditor,,DEM,Alan Green,602
Iron,State Auditor,,LIB,John A. Hartwig Jr.,89
Jackson,State Auditor,,REP,Scott Fitzpatrick,68301
Jackson,State Auditor,,DEM,Alan Green,56328
Jackson,State Auditor,,LIB,John A. Hartwig Jr.,4807
Jasper,State Auditor,,REP,Scott Fitzpatrick,25962
Jasper,State Auditor,,DEM,Alan Green,7673
Jasper,State Auditor,,LIB,John A. Hartwig Jr.,1006
Jefferson,State Auditor,,REP,Scott Fitzpatrick,51777
Jefferson,State Auditor,,DEM,Alan Green,23956
Jefferson,State Auditor,,LIB,John A. Hartwig Jr.,2737
Johnson,State Auditor,,REP,Scott Fitzpatrick,10793
Johnson,State Auditor,,DEM,Alan Green,4243
Johnson,State Auditor,,LIB,John A. Hartwig Jr.,590
Kansas City,State Auditor,,REP,Scott Fitzpatrick,17786
Kansas City,State Auditor,,DEM,Alan Green,65350
Kansas City,State Auditor,,LIB,John A. Hartwig Jr.,2301
Kansas City,State Auditor,,,Arnie C. Dienoff,1
Knox,State Auditor,,REP,Scott Fitzpatrick,1058
Knox,State Auditor,,DEM,Alan Green,230
Knox,State Auditor,,LIB,John A. Hartwig Jr.,46
Laclede,State Auditor,,REP,Scott Fitzpatrick,9403
Laclede,State Auditor,,DEM,Alan Green,1653
Laclede,State Auditor,,LIB,John A. Hartwig Jr.,286
Lafayette,State Auditor,,REP,Scott Fitzpatrick,8729
Lafayette,State Auditor,,DEM,Alan Green,2851
Lafayette,State Auditor,,LIB,John A. Hartwig Jr.,405
Lawrence,State Auditor,,REP,Scott Fitzpatrick,10330
Lawrence,State Auditor,,DEM,Alan Green,1889
Lawrence,State Auditor,,LIB,John A. Hartwig Jr.,305
Lewis,State Auditor,,REP,Scott Fitzpatrick,2476
Lewis,State Auditor,,DEM,Alan Green,574
Lewis,State Auditor,,LIB,John A. Hartwig Jr.,88
Lincoln,State Auditor,,REP,Scott Fitzpatrick,14856
Lincoln,State Auditor,,DEM,Alan Green,4227
Lincoln,State Auditor,,LIB,John A. Hartwig Jr.,680
Linn,State Auditor,,REP,Scott Fitzpatrick,3063
Linn,State Auditor,,DEM,Alan Green,893
Linn,State Auditor,,LIB,John A. Hartwig Jr.,127
Livingston,State Auditor,,REP,Scott Fitzpatrick,3738
Livingston,State Auditor,,DEM,Alan Green,863
Livingston,State Auditor,,LIB,John A. Hartwig Jr.,112
Macon,State Auditor,,REP,Scott Fitzpatrick,4434
Macon,State Auditor,,DEM,Alan Green,1022
Macon,State Auditor,,LIB,John A. Hartwig Jr.,117
Madison,State Auditor,,REP,Scott Fitzpatrick,2952
Madison,State Auditor,,DEM,Alan Green,672
Madison,State Auditor,,LIB,John A. Hartwig Jr.,68
Maries,State Auditor,,REP,Scott Fitzpatrick,2859
Maries,State Auditor,,DEM,Alan Green,513
Maries,State Auditor,,LIB,John A. Hartwig Jr.,72
Marion,State Auditor,,REP,Scott Fitzpatrick,6570
Marion,State Auditor,,DEM,Alan Green,1886
Marion,State Auditor,,LIB,John A. Hartwig Jr.,194
McDonald,State Auditor,,REP,Scott Fitzpatrick,5114
McDonald,State Auditor,,DEM,Alan Green,831
McDonald,State Auditor,,LIB,John A. Hartwig Jr.,141
Mercer,State Auditor,,REP,Scott Fitzpatrick,1072
Mercer,State Auditor,,DEM,Alan Green,150
Mercer,State Auditor,,LIB,John A. Hartwig Jr.,37
Mercer,State Auditor,,,Arnie C. Dienoff,1
Miller,State Auditor,,REP,Scott Fitzpatrick,7142
Miller,State Auditor,,DEM,Alan Green,1248
Miller,State Auditor,,LIB,John A. Hartwig Jr.,271
Mississippi,State Auditor,,REP,Scott Fitzpatrick,2257
Mississippi,State Auditor,,DEM,Alan Green,541
Mississippi,State Auditor,,LIB,John A. Hartwig Jr.,54
Moniteau,State Auditor,,REP,Scott Fitzpatrick,4127
Moniteau,State Auditor,,DEM,Alan Green,793
Moniteau,State Auditor,,LIB,John A. Hartwig Jr.,164
Monroe,State Auditor,,REP,Scott Fitzpatrick,2487
Monroe,State Auditor,,DEM,Alan Green,566
Monroe,State Auditor,,LIB,John A. Hartwig Jr.,81
Montgomery,State Auditor,,REP,Scott Fitzpatrick,3210
Montgomery,State Auditor,,DEM,Alan Green,759
Montgomery,State Auditor,,LIB,John A. Hartwig Jr.,89
Morgan,State Auditor,,REP,Scott Fitzpatrick,5365
Morgan,State Auditor,,DEM,Alan Green,1270
Morgan,State Auditor,,LIB,John A. Hartwig Jr.,211
New Madrid,State Auditor,,REP,Scott Fitzpatrick,3375
New Madrid,State Auditor,,DEM,Alan Green,917
New Madrid,State Auditor,,LIB,John A. Hartwig Jr.,74
Newton,State Auditor,,REP,Scott Fitzpatrick,15917
Newton,State Auditor,,DEM,Alan Green,3569
Newton,State Auditor,,LIB,John A. Hartwig Jr.,435
Nodaway,State Auditor,,REP,Scott Fitzpatrick,5032
Nodaway,State Auditor,,DEM,Alan Green,1807
Nodaway,State Auditor,,LIB,John A. Hartwig Jr.,165
Oregon,State Auditor,,REP,Scott Fitzpatrick,2500
Oregon,State Auditor,,DEM,Alan Green,496
Oregon,State Auditor,,LIB,John A. Hartwig Jr.,55
Osage,State Auditor,,REP,Scott Fitzpatrick,4776
Osage,State Auditor,,DEM,Alan Green,636
Osage,State Auditor,,LIB,John A. Hartwig Jr.,96
Ozark,State Auditor,,REP,Scott Fitzpatrick,3087
Ozark,State Auditor,,DEM,Alan Green,496
Ozark,State Auditor,,LIB,John A. Hartwig Jr.,92
Pemiscot,State Auditor,,REP,Scott Fitzpatrick,2490
Pemiscot,State Auditor,,DEM,Alan Green,678
Pemiscot,State Auditor,,LIB,John A. Hartwig Jr.,31
Perry,State Auditor,,REP,Scott Fitzpatrick,5214
Perry,State Auditor,,DEM,Alan Green,984
Perry,State Auditor,,LIB,John A. Hartwig Jr.,97
Pettis,State Auditor,,REP,Scott Fitzpatrick,9757
Pettis,State Auditor,,DEM,Alan Green,2812
Pettis,State Auditor,,LIB,John A. Hartwig Jr.,469
Phelps,State Auditor,,REP,Scott Fitzpatrick,9627
Phelps,State Auditor,,DEM,Alan Green,3509
Phelps,State Auditor,,LIB,John A. Hartwig Jr.,426
Pike,State Auditor,,REP,Scott Fitzpatrick,3939
Pike,State Auditor,,DEM,Alan Green,1068
Pike,State Auditor,,LIB,John A. Hartwig Jr.,134
Platte,State Auditor,,REP,Scott Fitzpatrick,21843
Platte,State Auditor,,DEM,Alan Green,17909
Platte,State Auditor,,LIB,John A. Hartwig Jr.,1172
Polk,State Auditor,,REP,Scott Fitzpatrick,8382
Polk,State Auditor,,DEM,Alan Green,1835
Polk,State Auditor,,LIB,John A. Hartwig Jr.,318
Pulaski,State Auditor,,REP,Scott Fitzpatrick,7054
Pulaski,State Auditor,,DEM,Alan Green,1845
Pulaski,State Auditor,,LIB,John A. Hartwig Jr.,385
Putnam,State Auditor,,REP,Scott Fitzpatrick,1410
Putnam,State Auditor,,DEM,Alan Green,217
Putnam,State Auditor,,LIB,John A. Hartwig Jr.,73
Ralls,State Auditor,,REP,Scott Fitzpatrick,3076
Ralls,State Auditor,,DEM,Alan Green,780
Ralls,State Auditor,,LIB,John A. Hartwig Jr.,110
Randolph,State Auditor,,REP,Scott Fitzpatrick,5579
Randolph,State Auditor,,DEM,Alan Green,1573
Randolph,State Auditor,,LIB,John A. Hartwig Jr.,237
Ray,State Auditor,,REP,Scott Fitzpatrick,5490
Ray,State Auditor,,DEM,Alan Green,1999
Ray,State Auditor,,LIB,John A. Hartwig Jr.,332
Reynolds,State Auditor,,REP,Scott Fitzpatrick,1885
Reynolds,State Auditor,,DEM,Alan Green,420
Reynolds,State Auditor,,LIB,John A. Hartwig Jr.,41
Ripley,State Auditor,,REP,Scott Fitzpatrick,3077
Ripley,State Auditor,,DEM,Alan Green,561
Ripley,State Auditor,,LIB,John A. Hartwig Jr.,74
Saline,State Auditor,,REP,Scott Fitzpatrick,4297
Saline,State Auditor,,DEM,Alan Green,1661
Saline,State Auditor,,LIB,John A. Hartwig Jr.,285
Schuyler,State Auditor,,REP,Scott Fitzpatrick,1215
Schuyler,State Auditor,,DEM,Alan Green,238
Schuyler,State Auditor,,LIB,John A. Hartwig Jr.,57
Scotland,State Auditor,,REP,Scott Fitzpatrick,1105
Scotland,State Auditor,,DEM,Alan Green,222
Scotland,State Auditor,,LIB,John A. Hartwig Jr.,32
Scott,State Auditor,,REP,Scott Fitzpatrick,9392
Scott,State Auditor,,DEM,Alan Green,2006
Scott,State Auditor,,LIB,John A. Hartwig Jr.,178
Shannon,State Auditor,,REP,Scott Fitzpatrick,2318
Shannon,State Auditor,,DEM,Alan Green,513
Shannon,State Auditor,,LIB,John A. Hartwig Jr.,50
Shelby,State Auditor,,REP,Scott Fitzpatrick,1809
Shelby,State Auditor,,DEM,Alan Green,405
Shelby,State Auditor,,LIB,John A. Hartwig Jr.,71
St. Charles,State Auditor,,REP,Scott Fitzpatrick,90102
St. Charles,State Auditor,,DEM,Alan Green,54456
St. Charles,State Auditor,,LIB,John A. Hartwig Jr.,4691
St. Charles,State Auditor,,,Arnie C. Dienoff,3
St. Clair,State Auditor,,REP,Scott Fitzpatrick,2877
St. Clair,State Auditor,,DEM,Alan Green,693
St. Clair,State Auditor,,LIB,John A. Hartwig Jr.,115
St. Francois,State Auditor,,REP,Scott Fitzpatrick,13195
St. Francois,State Auditor,,DEM,Alan Green,4368
St. Francois,State Auditor,,LIB,John A. Hartwig Jr.,528
St. Louis,State Auditor,,REP,Scott Fitzpatrick,152902
St. Louis,State Auditor,,DEM,Alan Green,202506
St. Louis,State Auditor,,LIB,John A. Hartwig Jr.,10680
St. Louis,State Auditor,,,Arnie C. Dienoff,1
St. Louis City,State Auditor,,REP,Scott Fitzpatrick,14662
St. Louis City,State Auditor,,DEM,Alan Green,66095
St. Louis City,State Auditor,,LIB,John A. Hartwig Jr.,2439
Ste. Genevieve,State Auditor,,REP,Scott Fitzpatrick,4490
Ste. Genevieve,State Auditor,,DEM,Alan Green,1823
Ste. Genevieve,State Auditor,,LIB,John A. Hartwig Jr.,177
Stoddard,State Auditor,,REP,Scott Fitzpatrick,7436
Stoddard,State Auditor,,DEM,Alan Green,1056
Stoddard,State Auditor,,LIB,John A. Hartwig Jr.,129
Stone,State Auditor,,REP,Scott Fitzpatrick,11255
Stone,State Auditor,,DEM,Alan Green,2220
Stone,State Auditor,,LIB,John A. Hartwig Jr.,274
Sullivan,State Auditor,,REP,Scott Fitzpatrick,1402
Sullivan,State Auditor,,DEM,Alan Green,299
Sullivan,State Auditor,,LIB,John A. Hartwig Jr.,32
Taney,State Auditor,,REP,Scott Fitzpatrick,14224
Taney,State Auditor,,DEM,Alan Green,3091
Taney,State Auditor,,LIB,John A. Hartwig Jr.,395
Texas,State Auditor,,REP,Scott Fitzpatrick,6879
Texas,State Auditor,,DEM,Alan Green,1128
Texas,State Auditor,,LIB,John A. Hartwig Jr.,202
Vernon,State Auditor,,REP,Scott Fitzpatrick,4826
Vernon,State Auditor,,DEM,Alan Green,1151
Vernon,State Auditor,,LIB,John A. Hartwig Jr.,131
Warren,State Auditor,,REP,Scott Fitzpatrick,9553
Warren,State Auditor,,DEM,Alan Green,3132
Warren,State Auditor,,LIB,John A. Hartwig Jr.,404
Washington,State Auditor,,REP,Scott Fitzpatrick,5446
Washington,State Auditor,,DEM,Alan Green,1198
Washington,State Auditor,,LIB,John A. Hartwig Jr.,192
Wayne,State Auditor,,REP,Scott Fitzpatrick,3439
Wayne,State Auditor,,DEM,Alan Green,560
Wayne,State Auditor,,LIB,John A. Hartwig Jr.,52
Webster,State Auditor,,REP,Scott Fitzpatrick,11235
Webster,State Auditor,,DEM,Alan Green,2493
Webster,State Auditor,,LIB,John A. Hartwig Jr.,415
Worth,State Auditor,,REP,Scott Fitzpatrick,673
Worth,State Auditor,,DEM,Alan Green,160
Worth,State Auditor,,LIB,John A. Hartwig Jr.,26
Wright,State Auditor,,REP,Scott Fitzpatrick,5375
Wright,State Auditor,,DEM,Alan Green,685
Wright,State Auditor,,LIB,John A. Hartwig Jr.,159
Total,State Auditor,,REP,Scott Fitzpatrick,1219553
Total,State Auditor,,DEM,Alan Green,772005
Total,State Auditor,,LIB,John A. Hartwig Jr.,61329
Total,State Auditor,,,Arnie C. Dienoff,7
